<?xml version="1.0" encoding="ISO-8859-1"?>
<!-- Copyright (c) 2014, The Linux Foundation. All rights reserved.         -->
<!--                                                                        -->
<!-- Redistribution and use in source and binary forms, with or without     -->
<!-- modification, are permitted provided that the following conditions are -->
<!-- met:                                                                   -->
<!--     * Redistributions of source code must retain the above copyright   -->
<!--       notice, this list of conditions and the following disclaimer.    -->
<!--     * Redistributions in binary form must reproduce the above          -->
<!--       copyright notice, this list of conditions and the following      -->
<!--       disclaimer in the documentation and/or other materials provided  -->
<!--       with the distribution.                                           -->
<!--     * Neither the name of The Linux Foundation nor the names of its    -->
<!--       contributors may be used to endorse or promote products derived  -->
<!--       from this software without specific prior written permission.    -->
<!--                                                                        -->
<!-- THIS SOFTWARE IS PROVIDED "AS IS" AND ANY EXPRESS OR IMPLIED           -->
<!-- WARRANTIES, INCLUDING, BUT NOT LIMITED TO, THE IMPLIED WARRANTIES OF   -->
<!-- MERCHANTABILITY, FITNESS FOR A PARTICULAR PURPOSE AND NON-INFRINGEMENT -->
<!-- ARE DISCLAIMED.  IN NO EVENT SHALL THE COPYRIGHT OWNER OR CONTRIBUTORS -->
<!-- BE LIABLE FOR ANY DIRECT, INDIRECT, INCIDENTAL, SPECIAL, EXEMPLARY, OR -->
<!-- CONSEQUENTIAL DAMAGES (INCLUDING, BUT NOT LIMITED TO, PROCUREMENT OF   -->
<!-- SUBSTITUTE GOODS OR SERVICES; LOSS OF USE, DATA, OR PROFITS; OR        -->
<!-- BUSINESS INTERRUPTION) HOWEVER CAUSED AND ON ANY THEORY OF LIABILITY,  -->
<!-- OR OTHERWISE) ARISING IN ANY WAY OUT OF THE USE OF THIS SOFTWARE, EVEN -->
<!-- IF ADVISED OF THE POSSIBILITY OF SUCH DAMAGE.                          -->
<audio_platform_info>
    <acdb_ids>
        <device name="SND_DEVICE_OUT_HANDSET" acdb_id="7" />
        <device name="SND_DEVICE_OUT_SPEAKER" acdb_id="15" />
        <device name="SND_DEVICE_OUT_HEADPHONES" acdb_id="10" />
        <device name="SND_DEVICE_OUT_LINE" acdb_id="10"/>

        <device name="SND_DEVICE_OUT_VOICE_HANDSET" acdb_id="7" />
        <device name="SND_DEVICE_OUT_VOICE_SPEAKER" acdb_id="15" />
        <device name="SND_DEVICE_OUT_VOICE_HEADPHONES" acdb_id="10" />
        <device name="SND_DEVICE_OUT_VOICE_LINE" acdb_id="10"/>

        <device name="SND_DEVICE_IN_HANDSET_MIC" acdb_id="40" />
        <device name="SND_DEVICE_IN_SPEAKER_MIC" acdb_id="42" />
        <device name="SND_DEVICE_IN_HEADSET_MIC" acdb_id="8" />

        <device name="SND_DEVICE_IN_VOICE_DMIC" acdb_id="41" />

        <device name="SND_DEVICE_IN_VOICE_REC_MIC" acdb_id="119" />

        <device name="SND_DEVICE_IN_HANDSET_STEREO_DMIC" acdb_id="35" />
        <device name="SND_DEVICE_IN_SPEAKER_STEREO_DMIC" acdb_id="35" />

        <device name="SND_DEVICE_IN_CAMCORDER_MIC" acdb_id="35" />
        <device name="SND_DEVICE_IN_VOICE_REC_DMIC_STEREO" acdb_id="35" />

        <device name="SND_DEVICE_OUT_SPEAKER_AND_LINE" acdb_id="10"/>
    </acdb_ids>

    <backend_names>
        <!-- empty -->
    </backend_names>

    <pcm_ids>
        <!-- empty -->
    </pcm_ids>

    <device_names>
        <!-- empty -->
    </device_names>
</audio_platform_info>
